Workbook

Sheet Sheet1
A1: Round | B1: Wk | C1: Day | D1: Date | E1: Time | F1: Home | G1: Score | H1: Away | I1: Attendance | J1: Venue | K1: SeasonEndYear | L1: MWk | M1: Capacity | N1: Aprop
A2: RegularSeason | B2: 1 | C2: Sat | D2: 45143 | E2: 0.52083333 | F2: Celtic | G2: 4–2 | H2: Ross County | I2: 58772 | J2: Celtic Park | K2: 2024 | L2: 1 | M2: 60500 | N2: 0.97143802
A3: RegularSeason | B3: 1 | C3: Sat | D3: 45143 | E3: 0.625 | F3: Dundee | G3: 1–1 | H3: Motherwell | I3: 6391 | J3: Kilmac Stadium at Dens Park | K3: 2024 | L3: 1 | M3: 11850 | N3: 0.53932489
A4: RegularSeason | B4: 1 | C4: Sat | D4: 45143 | E4: 0.625 | F4: Livingston | G4: 0–0 | H4: Aberdeen | I4: 5630 | J4: Tony Macaroni Arena | K4: 2024 | L4: 1 | M4: 9672 | N4: 0.58209264
A5: RegularSeason | B5: 1 | C5: Sat | D5: 45143 | E5: 0.625 | F5: St Johnstone | G5: 0–2 | H5: Hearts | I5: 6818 | J5: McDiarmid Park | K5: 2024 | L5: 1 | M5: 10700 | N5: 0.63719626
A6: RegularSeason | B6: 1 | C6: Sat | D6: 45143 | E6: 0.71875 | F6: Kilmarnock | G6: 1–0 | H6: Rangers | I6: 9256 | J6: BBSP Stadium, Rugby Park | K6: 2024 | L6: 1 | M6: 18128 | N6: 0.51059135
A7: RegularSeason | B7: 1 | C7: Sun | D7: 45144 | E7: 0.625 | F7: Hibernian | G7: 2–3 | H7: St Mirren | I7: 17586 | J7: Easter Road Stadium | K7: 2024 | L7: 1 | M7: 20250 | N7: 0.86844444
A8: RegularSeason | B8: 2 | C8: Sat | D8: 45150 | E8: 0.625 | F8: Rangers | G8: 4–0 | H8: Livingston | I8: 49320 | J8: Ibrox Stadium | K8: 2024 | L8: 2 | M8: 51082 | N8: 0.96550644
A9: RegularSeason | B9: 2 | C9: Sat | D9: 45150 | E9: 0.625 | F9: Ross County | G9: 2–0 | H9: St Johnstone | I9: 4157 | J9: Global Energy Stadium | K9: 2024 | L9: 2 | M9: 6541 | N9: 0.63552974
A10: RegularSeason | B10: 2 | C10: Sat | D10: 45150 | E10: 0.625 | F10: St Mirren | G10: 2–1 | H10: Dundee | I10: 6581 | J10: The Simple Digital Arena | K10: 2024 | L10: 2 | M10: 8006 | N10: 0.82200849
A11: RegularSeason | B11: 2 | C11: Sun | D11: 45151 | E11: 0.5 | F11: Aberdeen | G11: 1–3 | H11: Celtic | I11: 18652 | J11: Pittodrie Stadium | K11: 2024 | L11: 2 | M11: 21412 | N11: 0.87110032
A12: RegularSeason | B12: 2 | C12: Sun | D12: 45151 | E12: 0.625 | F12: Hearts | G12: 0–0 | H12: Kilmarnock | I12: 18455 | J12: Tynecastle Stadium | K12: 2024 | L12: 2 | M12: 19852 | N12: 0.92962926
A13: RegularSeason | B13: 2 | C13: Sun | D13: 45151 | E13: 0.625 | F13: Motherwell | G13: 2–1 | H13: Hibernian | I13: 6262 | J13: Fir Park | K13: 2024 | L13: 2 | M13: 13750 | N13: 0.45541818
... A229: Relegation | B229: 5 | C229: Sun | D229: 45431 | E229: 0.625 | F229: Ross County | G229: 2–2 | H229: Aberdeen | I229: 6119 | J229: Global Energy Stadium | K229: 2024 | L229: 38 | M229: 6541 | N229: 0.93548387

Sheet Sheet2
A1: Round | B1: Wk | C1: Day | D1: Date | E1: Time | F1: Home | G1: Score | H1: Away | I1: Attendance | J1: Venue | K1: SeasonEndYear | L1: MWk | M1: Capacity | N1: Aprop
A2: Regular season | B2: 1 | C2: Sat | D2: 44772 | E2: 0.5 | F2: Livingston | G2: 1–2 | H2: Rangers | I2: 9672 | J2: Tony Macaroni Arena | K2: 2023 | L2: =B2 -> 1 | M2: =_xlfn.XLOOKUP(J2,Capacities!$A$2:$A$15,Capacities!$B$2:$B$15) -> 9672 | N2: =I2/M2 -> 1
A3: Regular season | B3: 1 | C3: Sat | D3: 44772 | E3: 0.625 | F3: Hearts | G3: 2–1 | H3: Ross County | I3: 18202 | J3: Tynecastle Stadium | K3: 2023 | L3: =B3 -> 1 | M3: =_xlfn.XLOOKUP(J3,Capacities!$A$2:$A$15,Capacities!$B$2:$B$15) -> 19852 | N3: =I3/M3 -> 0.91688495
A4: Regular season | B4: 1 | C4: Sat | D4: 44772 | E4: 0.625 | F4: Kilmarnock | G4: 1–1 | H4: Dundee United | I4: 8014 | J4: BBSP Stadium, Rugby Park | K4: 2023 | L4: =B4 -> 1 | M4: =_xlfn.XLOOKUP(J4,Capacities!$A$2:$A$15,Capacities!$B$2:$B$15) -> 18128 | N4: =I4/M4 -> 0.44207855
A5: Regular season | B5: 1 | C5: Sat | D5: 44772 | E5: 0.625 | F5: St Johnstone | G5: 0–1 | H5: Hibernian | I5: 5793 | J5: McDiarmid Park | K5: 2023 | L5: =B5 -> 1 | M5: =_xlfn.XLOOKUP(J5,Capacities!$A$2:$A$15,Capacities!$B$2:$B$15) -> 10700 | N5: =I5/M5 -> 0.54140187
A6: Regular season | B6: 1 | C6: Sun | D6: 44773 | E6: 0.625 | F6: St Mirren | G6: 0–1 | H6: Motherwell | I6: 5668 | J6: The Simple Digital Arena | K6: 2023 | L6: =B6 -> 1 | M6: =_xlfn.XLOOKUP(J6,Capacities!$A$2:$A$15,Capacities!$B$2:$B$15) -> 8006 | N6: =I6/M6 -> 0.70796902
A7: Regular season | B7: 1 | C7: Sun | D7: 44773 | E7: 0.6875 | F7: Celtic | G7: 2–0 | H7: Aberdeen | I7: 58824 | J7: Celtic Park | K7: 2023 | L7: =B7 -> 1 | M7: =_xlfn.XLOOKUP(J7,Capacities!$A$2:$A$15,Capacities!$B$2:$B$15) -> 60500 | N7: =I7/M7 -> 0.97229752
A8: Regular season | B8: 2 | C8: Sat | D8: 44779 | E8: 0.625 | F8: Aberdeen | G8: 4–1 | H8: St Mirren | I8: 14420 | J8: Pittodrie Stadium | K8: 2023 | L8: =B8 -> 2 | M8: =_xlfn.XLOOKUP(J8,Capacities!$A$2:$A$15,Capacities!$B$2:$B$15) -> 21412 | N8: =I8/M8 -> 0.67345414
A9: Regular season | B9: 2 | C9: Sat | D9: 44779 | E9: 0.625 | F9: Motherwell | G9: 1–2 | H9: St Johnstone | I9: 4711 | J9: Fir Park | K9: 2023 | L9: =B9 -> 2 | M9: =_xlfn.XLOOKUP(J9,Capacities!$A$2:$A$15,Capacities!$B$2:$B$15) -> 13750 | N9: =I9/M9 -> 0.34261818
A10: Regular season | B10: 2 | C10: Sat | D10: 44779 | E10: 0.625 | F10: Rangers | G10: 2–0 | H10: Kilmarnock | I10: 49600 | J10: Ibrox Stadium | K10: 2023 | L10: =B10 -> 2 | M10: =_xlfn.XLOOKUP(J10,Capacities!$A$2:$A$15,Capacities!$B$2:$B$15) -> 51082 | N10: =I10/M10 -> 0.97098782
A11: Regular season | B11: 2 | C11: Sat | D11: 44779 | E11: 0.625 | F11: Ross County | G11: 1–3 | H11: Celtic | I11: 5502 | J11: Global Energy Stadium | K11: 2023 | L11: =B11 -> 2 | M11: =_xlfn.XLOOKUP(J11,Capacities!$A$2:$A$15,Capacities!$B$2:$B$15) -> 6541 | N11: =I11/M11 -> 0.84115579
A12: Regular season | B12: 2 | C12: Sun | D12: 44780 | E12: 0.5 | F12: Hibernian | G12: 1–1 | H12: Hearts | I12: 20179 | J12: Easter Road Stadium | K12: 2023 | L12: =B12 -> 2 | M12: =_xlfn.XLOOKUP(J12,Capacities!$A$2:$A$15,Capacities!$B$2:$B$15) -> 20250 | N12: =I12/M12 -> 0.99649383
A13: Regular season | B13: 2 | C13: Sun | D13: 44780 | E13: 0.625 | F13: Dundee United | G13: 0–1 | H13: Livingston | I13: 7442 | J13: Tannadice Park | K13: 2023 | L13: =B13 -> 2 | M13: =_xlfn.XLOOKUP(J13,Capacities!$A$2:$A$15,Capacities!$B$2:$B$15) -> 14223 | N13: =I13/M13 -> 0.52323701
... A199: Regular season | B199: 33 | C199: Sun | D199: 45039 | E199: 0.6875 | F199: Aberdeen | G199: 2–0 | H199: Rangers | I199: 18666 | J199: Pittodrie Stadium | K199: 2023 | L199: =B199 -> 33 | M199: =_xlfn.XLOOKUP(J199,Capacities!$A$2:$A$15,Capacities!$B$2:$B$15) -> 21412 | N199: =I199/M199 -> 0.87175416
A200: Championship round | B200: 1 | C200: Sat | D200: 45052 | E200: 0.625 | F200: Hibernian | G200: 2–1 | H200: St Mirren | I200: 16334 | J200: Easter Road Stadium | K200: 2023 | L200: =B200+33 -> 34 | M200: =_xlfn.XLOOKUP(J200,Capacities!$A$2:$A$15,Capacities!$B$2:$B$15) -> 20250 | N200: =I200/M200 -> 0.80661728
A201: Relegation round | B201: 1 | C201: Sat | D201: 45052 | E201: 0.625 | F201: Motherwell | G201: 2–0 | H201: Kilmarnock | I201: 6168 | J201: Fir Park | K201: 2023 | L201: =B201+33 -> 34 | M201: =_xlfn.XLOOKUP(J201,Capacities!$A$2:$A$15,Capacities!$B$2:$B$15) -> 13750 | N201: =I201/M201 -> 0.44858182
A202: Relegation round | B202: 1 | C202: Sat | D202: 45052 | E202: 0.625 | F202: Ross County | G202: 2–0 | H202: Livingston | I202: 3129 | J202: Global Energy Stadium | K202: 2023 | L202: =B202+33 -> 34 | M202: =_xlfn.XLOOKUP(J202,Capacities!$A$2:$A$15,Capacities!$B$2:$B$15) -> 6541 | N202: =I202/M202 -> 0.47836722
A203: Relegation round | B203: 1 | C203: Sat | D203: 45052 | E203: 0.625 | F203: St Johnstone | G203: 1–0 | H203: Dundee United | I203: 7071 | J203: McDiarmid Park | K203: 2023 | L203: =B203+33 -> 34 | M203: =_xlfn.XLOOKUP(J203,Capacities!$A$2:$A$15,Capacities!$B$2:$B$15) -> 10700 | N203: =I203/M203 -> 0.66084112
A204: Championship round | B204: 1 | C204: Sun | D204: 45053 | E204: 0.59375 | F204: Hearts | G204: 0–2 | H204: Celtic | I204: 18143 | J204: Tynecastle Stadium | K204: 2023 | L204: =B204+33 -> 34 | M204: =_xlfn.XLOOKUP(J204,Capacities!$A$2:$A$15,Capacities!$B$2:$B$15) -> 19852 | N204: =I204/M204 -> 0.91391296
A205: Championship round | B205: 1 | C205: Sun | D205: 45053 | E205: 0.625 | F205: Rangers | G205: 1–0 | H205: Aberdeen | I205: 46961 | J205: Ibrox Stadium | K205: 2023 | L205: =B205+33 -> 34 | M205: =_xlfn.XLOOKUP(J205,Capacities!$A$2:$A$15,Capacities!$B$2:$B$15) -> 51082 | N205: =I205/M205 -> 0.91932579
A206: Championship round | B206: 2 | C206: Sat | D206: 45059 | E206: 0.52083333 | F206: Rangers | G206: 3–0 | H206: Celtic | I206: 50104 | J206: Ibrox Stadium | K206: 2023 | L206: =B206+33 -> 35 | M206: =_xlfn.XLOOKUP(J206,Capacities!$A$2:$A$15,Capacities!$B$2:$B$15) -> 51082 | N206: =I206/M206 -> 0.98085431
A207: Championship round | B207: 2 | C207: Sat | D207: 45059 | E207: 0.625 | F207: Aberdeen | G207: 0–0 | H207: Hibernian | I207: 18620 | J207: Pittodrie Stadium | K207: 2023 | L207: =B207+33 -> 35 | M207: =_xlfn.XLOOKUP(J207,Capacities!$A$2:$A$15,Capacities!$B$2:$B$15) -> 21412 | N207: =I207/M207 -> 0.86960583
A208: Relegation round | B208: 2 | C208: Sat | D208: 45059 | E208: 0.625 | F208: Dundee United | G208: 1–3 | H208: Ross County | I208: 10138 | J208: Tannadice Park | K208: 2023 | L208: =B208+33 -> 35 | M208: =_xlfn.XLOOKUP(J208,Capacities!$A$2:$A$15,Capacities!$B$2:$B$15) -> 14223 | N208: =I208/M208 -> 0.71278914
A209: Relegation round | B209: 2 | C209: Sat | D209: 45059 | E209: 0.625 | F209: Kilmarnock | G209: 2–0 | H209: Livingston | I209: 5051 | J209: BBSP Stadium, Rugby Park | K209: 2023 | L209: =B209+33 -> 35 | M209: =_xlfn.XLOOKUP(J209,Capacities!$A$2:$A$15,Capacities!$B$2:$B$15) -> 18128 | N209: =I209/M209 -> 0.27862974
A210: Relegation round | B210: 2 | C210: Sat | D210: 45059 | E210: 0.625 | F210: St Johnstone | G210: 0–2 | H210: Motherwell | I210: 3939 | J210: McDiarmid Park | K210: 2023 | L210: =B210+33 -> 35 | M210: =_xlfn.XLOOKUP(J210,Capacities!$A$2:$A$15,Capacities!$B$2:$B$15) -> 10700 | N210: =I210/M210 -> 0.36813084
A211: Championship round | B211: 2 | C211: Sat | D211: 45059 | E211: 0.625 | F211: St Mirren | G211: 2–2 | H211: Hearts | I211: 7238 | J211: St. Mirren Park | K211: 2023 | L211: =B211+33 -> 35 | M211: =_xlfn.XLOOKUP(J211,Capacities!$A$2:$A$15,Capacities!$B$2:$B$15) -> 8006 | N211: =I211/M211 -> 0.90407195
... A229: Relegation round | B229: 5 | C229: Sun | D229: 45074 | E229: 0.625 | F229: St Johnstone | G229: 2–0 | H229: Livingston | I229: 4362 | J229: McDiarmid Park | K229: 2023 | L229: =B229+33 -> 38 | M229: =_xlfn.XLOOKUP(J229,Capacities!$A$2:$A$15,Capacities!$B$2:$B$15) -> 10700 | N229: =I229/M229 -> 0.40766355

Sheet Sheet3
A1: Round | B1: Wk | C1: Day | D1: Date | E1: Time | F1: Home | G1: Score | H1: Away | I1: Attendance | J1: Venue | K1: SeasonEndYear | L1: MWk | M1: Capacity | N1: Aprop
A2: Regular season | B2: 1 | C2: Sat | D2: 43316 | E2: 0.625 | F2: Celtic | G2: 3–1 | H2: Livingston | I2: 58778 | J2: Celtic Park | K2: 2019 | L2: =B2 -> 1 | M2: =_xlfn.XLOOKUP(J2,Capacities!$A$2:$A$17,Capacities!$B$2:$B$17) -> 60500 | N2: =I2/M2 -> 0.97153719
A3: Regular season | B3: 1 | C3: Sat | D3: 43316 | E3: 0.625 | F3: Hamilton | G3: 1–4 | H3: Hearts | I3: 3764 | J3: The Hope CBD Stadium | K3: 2019 | L3: =B3 -> 1 | M3: =_xlfn.XLOOKUP(J3,Capacities!$A$2:$A$17,Capacities!$B$2:$B$17) -> 6007 | N3: =I3/M3 -> 0.6266023
A4: Regular season | B4: 1 | C4: Sat | D4: 43316 | E4: 0.625 | F4: Kilmarnock | G4: 2–0 | H4: St Johnstone | I4: 4644 | J4: Rugby Park | K4: 2019 | L4: =B4 -> 1 | M4: =_xlfn.XLOOKUP(J4,Capacities!$A$2:$A$17,Capacities!$B$2:$B$17) -> 15003 | N4: =I4/M4 -> 0.30953809
A5: Regular season | B5: 1 | C5: Sat | D5: 43316 | E5: 0.625 | F5: St Mirren | G5: 2–1 | H5: Dundee | I5: 5470 | J5: The Simple Digital Arena | K5: 2019 | L5: =B5 -> 1 | M5: =_xlfn.XLOOKUP(J5,Capacities!$A$2:$A$17,Capacities!$B$2:$B$17) -> 8006 | N5: =I5/M5 -> 0.68323757
A6: Regular season | B6: 1 | C6: Sun | D6: 43317 | E6: 0.54166667 | F6: Aberdeen | G6: 1–1 | H6: Rangers | I6: 19046 | J6: Pittodrie Stadium | K6: 2019 | L6: =B6 -> 1 | M6: =_xlfn.XLOOKUP(J6,Capacities!$A$2:$A$17,Capacities!$B$2:$B$17) -> 21412 | N6: =I6/M6 -> 0.88950121
A7: Regular season | B7: 1 | C7: Sun | D7: 43317 | E7: 0.625 | F7: Hibernian | G7: 3–0 | H7: Motherwell | I7: 17494 | J7: Easter Road Stadium | K7: 2019 | L7: =B7 -> 1 | M7: =_xlfn.XLOOKUP(J7,Capacities!$A$2:$A$17,Capacities!$B$2:$B$17) -> 20250 | N7: =I7/M7 -> 0.86390123
A8: Regular season | B8: 2 | C8: Sat | D8: 43323 | E8: 0.52083333 | F8: Hearts | G8: 1–0 | H8: Celtic | I8: 19113 | J8: Tynecastle Stadium | K8: 2019 | L8: =B8 -> 2 | M8: =_xlfn.XLOOKUP(J8,Capacities!$A$2:$A$17,Capacities!$B$2:$B$17) -> 19852 | N8: =I8/M8 -> 0.96277453
A9: Regular season | B9: 2 | C9: Sat | D9: 43323 | E9: 0.625 | F9: Dundee | G9: 0–1 | H9: Aberdeen | I9: 7581 | J9: Kilmac Stadium at Dens Park | K9: 2019 | L9: =B9 -> 2 | M9: =_xlfn.XLOOKUP(J9,Capacities!$A$2:$A$17,Capacities!$B$2:$B$17) -> 11850 | N9: =I9/M9 -> 0.63974684
A10: Regular season | B10: 2 | C10: Sat | D10: 43323 | E10: 0.625 | F10: Livingston | G10: 0–0 | H10: Kilmarnock | I10: 2586 | J10: Tony Macaroni Arena | K10: 2019 | L10: =B10 -> 2 | M10: =_xlfn.XLOOKUP(J10,Capacities!$A$2:$A$17,Capacities!$B$2:$B$17) -> 9672 | N10: =I10/M10 -> 0.26736973
A11: Regular season | B11: 2 | C11: Sat | D11: 43323 | E11: 0.625 | F11: Motherwell | G11: 0–1 | H11: Hamilton | I11: 4807 | J11: Fir Park | K11: 2019 | L11: =B11 -> 2 | M11: =_xlfn.XLOOKUP(J11,Capacities!$A$2:$A$17,Capacities!$B$2:$B$17) -> 13750 | N11: =I11/M11 -> 0.3496
A12: Regular season | B12: 2 | C12: Sun | D12: 43324 | E12: 0.625 | F12: Rangers | G12: 2–0 | H12: St Mirren | I12: 49680 | J12: Ibrox Stadium | K12: 2019 | L12: =B12 -> 2 | M12: =_xlfn.XLOOKUP(J12,Capacities!$A$2:$A$17,Capacities!$B$2:$B$17) -> 51082 | N12: =I12/M12 -> 0.97255393
A13: Regular season | B13: 2 | C13: Sun | D13: 43324 | E13: 0.625 | F13: St Johnstone | G13: 1–1 | H13: Hibernian | I13: 4637 | J13: McDiarmid Park | K13: 2019 | L13: =B13 -> 2 | M13: =_xlfn.XLOOKUP(J13,Capacities!$A$2:$A$17,Capacities!$B$2:$B$17) -> 10700 | N13: =I13/M13 -> 0.43336449
... A199: Regular season | B199: 33 | C199: Sun | D199: 43562 | E199: 0.52083333 | F199: Motherwell | G199: 0–3 | H199: Rangers | I199: 9200 | J199: Fir Park | K199: 2019 | L199: =B199 -> 33 | M199: =_xlfn.XLOOKUP(J199,Capacities!$A$2:$A$17,Capacities!$B$2:$B$17) -> 13750 | N199: =I199/M199 -> 0.66909091
A200: Championship round | B200: 1 | C200: Sat | D200: 43575 | E200: 0.5 | F200: Hearts | G200: 1–3 | H200: Rangers | I200: 18212 | J200: Tynecastle Stadium | K200: 2019 | L200: =B200+33 -> 34 | M200: =_xlfn.XLOOKUP(J200,Capacities!$A$2:$A$17,Capacities!$B$2:$B$17) -> 19852 | N200: =I200/M200 -> 0.91738868
A201: Relegation round | B201: 1 | C201: Sat | D201: 43575 | E201: 0.625 | F201: Hamilton | G201: 1–1 | H201: Motherwell | I201: 2746 | J201: The Hope CBD Stadium | K201: 2019 | L201: =B201+33 -> 34 | M201: =_xlfn.XLOOKUP(J201,Capacities!$A$2:$A$17,Capacities!$B$2:$B$17) -> 6007 | N201: =I201/M201 -> 0.45713334
A202: Championship round | B202: 1 | C202: Sat | D202: 43575 | E202: 0.625 | F202: Kilmarnock | G202: 0–1 | H202: Aberdeen | I202: 6531 | J202: Rugby Park | K202: 2019 | L202: =B202+33 -> 34 | M202: =_xlfn.XLOOKUP(J202,Capacities!$A$2:$A$17,Capacities!$B$2:$B$17) -> 15003 | N202: =I202/M202 -> 0.43531294
A203: Relegation round | B203: 1 | C203: Sat | D203: 43575 | E203: 0.625 | F203: Livingston | G203: 1–3 | H203: St Mirren | I203: 2347 | J203: Tony Macaroni Arena | K203: 2019 | L203: =B203+33 -> 34 | M203: =_xlfn.XLOOKUP(J203,Capacities!$A$2:$A$17,Capacities!$B$2:$B$17) -> 9672 | N203: =I203/M203 -> 0.24265922
A204: Relegation round | B204: 1 | C204: Sat | D204: 43575 | E204: 0.625 | F204: St Johnstone | G204: 2–0 | H204: Dundee | I204: 3946 | J204: McDiarmid Park | K204: 2019 | L204: =B204+33 -> 34 | M204: =_xlfn.XLOOKUP(J204,Capacities!$A$2:$A$17,Capacities!$B$2:$B$17) -> 10700 | N204: =I204/M204 -> 0.36878505
A205: Championship round | B205: 1 | C205: Sun | D205: 43576 | E205: 0.52083333 | F205: Hibernian | G205: 0–0 | H205: Celtic | I205: 19472 | J205: Easter Road Stadium | K205: 2019 | L205: =B205+33 -> 34 | M205: =_xlfn.XLOOKUP(J205,Capacities!$A$2:$A$17,Capacities!$B$2:$B$17) -> 20250 | N205: =I205/M205 -> 0.96158025
A206: Championship round | B206: 2 | C206: Sat | D206: 43582 | E206: 0.52083333 | F206: Celtic | G206: 1–0 | H206: Kilmarnock | I206: 58851 | J206: Celtic Park | K206: 2019 | L206: =B206+33 -> 35 | M206: =_xlfn.XLOOKUP(J206,Capacities!$A$2:$A$17,Capacities!$B$2:$B$17) -> 60500 | N206: =I206/M206 -> 0.9727438
A207: Relegation round | B207: 2 | C207: Sat | D207: 43582 | E207: 0.625 | F207: Hamilton | G207: 3–3 | H207: Livingston | I207: 1135 | J207: The Hope CBD Stadium | K207: 2019 | L207: =B207+33 -> 35 | M207: =_xlfn.XLOOKUP(J207,Capacities!$A$2:$A$17,Capacities!$B$2:$B$17) -> 6007 | N207: =I207/M207 -> 0.18894623
A208: Relegation round | B208: 2 | C208: Sat | D208: 43582 | E208: 0.625 | F208: Motherwell | G208: 4–3 | H208: Dundee | I208: 3662 | J208: Fir Park | K208: 2019 | L208: =B208+33 -> 35 | M208: =_xlfn.XLOOKUP(J208,Capacities!$A$2:$A$17,Capacities!$B$2:$B$17) -> 13750 | N208: =I208/M208 -> 0.26632727
A209: Relegation round | B209: 2 | C209: Sat | D209: 43582 | E209: 0.625 | F209: St Mirren | G209: 1–1 | H209: St Johnstone | I209: 5213 | J209: The Simple Digital Arena | K209: 2019 | L209: =B209+33 -> 35 | M209: =_xlfn.XLOOKUP(J209,Capacities!$A$2:$A$17,Capacities!$B$2:$B$17) -> 8006 | N209: =I209/M209 -> 0.65113665
A210: Championship round | B210: 2 | C210: Sun | D210: 43583 | E210: 0.51041667 | F210: Hibernian | G210: 1–1 | H210: Hearts | I210: 19395 | J210: Easter Road Stadium | K210: 2019 | L210: =B210+33 -> 35 | M210: =_xlfn.XLOOKUP(J210,Capacities!$A$2:$A$17,Capacities!$B$2:$B$17) -> 20250 | N210: =I210/M210 -> 0.95777778
A211: Championship round | B211: 2 | C211: Sun | D211: 43583 | E211: 0.625 | F211: Rangers | G211: 2–0 | H211: Aberdeen | I211: 49667 | J211: Ibrox Stadium | K211: 2019 | L211: =B211+33 -> 35 | M211: =_xlfn.XLOOKUP(J211,Capacities!$A$2:$A$17,Capacities!$B$2:$B$17) -> 51082 | N211: =I211/M211 -> 0.97229944
... A229: Championship round | B229: 5 | C229: Sun | D229: 43604 | E229: 0.625 | F229: Kilmarnock | G229: 2–1 | H229: Rangers | I229: 12248 | J229: Rugby Park | K229: 2019 | L229: =B229+33 -> 38 | M229: =_xlfn.XLOOKUP(J229,Capacities!$A$2:$A$17,Capacities!$B$2:$B$17) -> 15003 | N229: =I229/M229 -> 0.81637006

Sheet Capacities
A1: Venue | B1: Capacity
A2: Celtic Park | B2: 60500
A3: Kilmac Stadium at Dens Park | B3: 11850
A4: Tony Macaroni Arena | B4: 9672
A5: McDiarmid Park | B5: 10700
A6: BBSP Stadium, Rugby Park | B6: 18128
A7: Easter Road Stadium | B7: 20250
A8: Ibrox Stadium | B8: 51082
A9: Global Energy Stadium | B9: 6541
A10: The Simple Digital Arena | B10: 8006
A11: Pittodrie Stadium | B11: 21412
A12: Tynecastle Stadium | B12: 19852
A13: Fir Park | B13: 13750
... A17: The Hope CBD Stadium | B17: 6007
